Date,US,East_Coast,Midwest,Gulf_Coast,Rocky_Mountain,West_Coast,Dataset
2024-01-01,3.213,3.197,2.87,2.743,2.903,4.248,All Grades All Formulations
2024-01-01,3.055,3.156,2.841,2.77,2.955,3.892,All Grades Conventional
2024-01-01,3.522,3.275,3.029,2.691,2.705,4.451,All Grades Reformulated
2024-01-01,3.646,3.566,3.226,3.113,3.058,4.558,Midgrade All Formulations
2024-01-01,3.408,3.491,3.161,3.146,3.079,4.171,Midgrade Conventional
2024-01-01,3.987,3.694,3.467,3.057,2.977,4.726,Midgrade Reformulated
2024-01-01,4.0,3.91,3.663,3.431,3.378,4.724,Premium All Formulations
2024-01-01,3.784,3.844,3.595,3.494,3.391,4.366,Premium Conventional
2024-01-01,4.25,3.996,3.86,3.347,3.333,4.874,Premium Reformulated
2024-01-01,3.089,3.087,2.795,2.653,2.786,4.115,Regular All Formulations
2024-01-01,2.966,3.065,2.778,2.687,2.853,3.793,Regular Conventional
2024-01-01,3.354,3.13,2.893,2.583,2.526,4.317,Regular Reformulated
2024-01-08,3.197,3.186,2.844,2.767,2.881,4.205,All Grades All Formulations
2024-01-08,3.035,3.154,2.805,2.765,2.938,3.834,All Grades Conventional
2024-01-08,3.514,3.246,3.058,2.771,2.667,4.417,All Grades Reformulated
2024-01-08,3.632,3.557,3.208,3.143,3.035,4.517,Midgrade All Formulations
2024-01-08,3.394,3.491,3.132,3.147,3.061,4.124,Midgrade Conventional
2024-01-08,3.974,3.671,3.491,3.136,2.938,4.688,Midgrade Reformulated
2024-01-08,3.983,3.897,3.651,3.46,3.354,4.684,Premium All Formulations
2024-01-08,3.764,3.843,3.563,3.484,3.368,4.312,Premium Conventional
2024-01-08,4.237,3.966,3.908,3.426,3.305,4.839,Premium Reformulated
2024-01-08,3.073,3.075,2.768,2.676,2.765,4.072,Regular All Formulations
2024-01-08,2.945,3.063,2.742,2.682,2.838,3.734,Regular Conventional
2024-01-08,3.347,3.101,2.92,2.663,2.487,4.283,Regular Reformulated
2024-01-15,3.179,3.149,2.898,2.761,2.85,4.107,All Grades All Formulations
2024-01-15,3.032,3.114,2.85,2.782,2.897,3.789,All Grades Conventional
2024-01-15,3.466,3.216,3.156,2.718,2.67,4.288,All Grades Reformulated
2024-01-15,3.599,3.517,3.253,3.133,3.01,4.421,Midgrade All Formulations
2024-01-15,3.377,3.447,3.166,3.159,3.024,4.078,Midgrade Conventional
2024-01-15,3.916,3.638,3.571,3.089,2.961,4.57,Midgrade Reformulated
2024-01-15,3.947,3.866,3.697,3.445,3.32,4.573,Premium All Formulations
2024-01-15,3.75,3.809,3.596,3.496,3.325,4.261,Premium Conventional
2024-01-15,4.176,3.939,3.99,3.374,3.304,4.703,Premium Reformulated
2024-01-15,3.058,3.039,2.823,2.67,2.733,3.976,Regular All Formulations
2024-01-15,2.944,3.023,2.789,2.699,2.797,3.689,Regular Conventional
2024-01-15,3.302,3.07,3.022,2.61,2.486,4.155,Regular Reformulated
2024-01-22,3.181,3.133,2.966,2.774,2.786,4.057,All Grades All Formulations
2024-01-22,3.037,3.093,2.907,2.779,2.829,3.761,All Grades Conventional
2024-01-22,3.464,3.209,3.284,2.764,2.621,4.226,All Grades Reformulated
2024-01-22,3.591,3.507,3.336,3.139,2.944,4.368,Midgrade All Formulations
2024-01-22,3.375,3.435,3.235,3.15,2.954,4.053,Midgrade Conventional
2024-01-22,3.901,3.63,3.711,3.118,2.907,4.505,Midgrade Reformulated
2024-01-22,3.942,3.855,3.775,3.451,3.248,4.525,Premium All Formulations
2024-01-22,3.75,3.793,3.662,3.487,3.254,4.234,Premium Conventional
2024-01-22,4.165,3.935,4.106,3.401,3.226,4.646,Premium Reformulated
2024-01-22,3.062,3.021,2.889,2.685,2.671,3.926,Regular All Formulations
2024-01-22,2.95,3.0,2.844,2.697,2.729,3.661,Regular Conventional
2024-01-22,3.304,3.063,3.15,2.659,2.444,4.092,Regular Reformulated
2024-01-29,3.214,3.192,2.948,2.844,2.848,4.07,All Grades All Formulations
2024-01-29,3.066,3.155,2.899,2.836,2.846,3.747,All Grades Conventional
2024-01-29,3.507,3.265,3.211,2.861,2.857,4.255,All Grades Reformulated
2024-01-29,3.626,3.555,3.309,3.214,3.022,4.387,Midgrade All Formulations
2024-01-29,3.403,3.485,3.221,3.209,2.985,4.044,Midgrade Conventional
2024-01-29,3.948,3.678,3.637,3.223,3.158,4.535,Midgrade Reformulated
2024-01-29,3.971,3.901,3.742,3.537,3.299,4.543,Premium All Formulations
2024-01-29,3.772,3.84,3.645,3.551,3.253,4.228,Premium Conventional
2024-01-29,4.203,3.981,4.026,3.517,3.461,4.674,Premium Reformulated
2024-01-29,3.095,3.083,2.872,2.753,2.732,3.937,Regular All Formulations
2024-01-29,2.979,3.064,2.837,2.753,2.746,3.645,Regular Conventional
2024-01-29,3.347,3.121,3.078,2.754,2.676,4.12,Regular Reformulated
2024-02-05,3.254,3.226,2.985,2.91,2.864,4.115,All Grades All Formulations
2024-02-05,3.107,3.201,2.94,2.903,2.86,3.737,All Grades Conventional
2024-02-05,3.545,3.274,3.228,2.925,2.881,4.332,All Grades Reformulated
2024-02-05,3.663,3.589,3.331,3.269,3.044,4.43,Midgrade All Formulations
2024-02-05,3.438,3.533,3.251,3.257,3.011,4.029,Midgrade Conventional
2024-02-05,3.988,3.686,3.627,3.292,3.166,4.605,Midgrade Reformulated
2024-02-05,4.009,3.935,3.772,3.603,3.32,4.584,Premium All Formulations
2024-02-05,3.811,3.893,3.683,3.609,3.271,4.219,Premium Conventional
2024-02-05,4.24,3.988,4.035,3.595,3.489,4.737,Premium Reformulated
2024-02-05,3.136,3.117,2.911,2.821,2.746,3.983,Regular All Formulations
2024-02-05,3.021,3.11,2.879,2.822,2.757,3.635,Regular Conventional
2024-02-05,3.385,3.131,3.098,2.818,2.704,4.201,Regular Reformulated
2024-02-12,3.309,3.26,3.119,2.897,2.907,4.146,All Grades All Formulations
2024-02-12,3.168,3.242,3.069,2.9,2.931,3.73,All Grades Conventional
2024-02-12,3.585,3.294,3.393,2.891,2.818,4.383,All Grades Reformulated
2024-02-12,3.707,3.619,3.468,3.261,3.069,4.467,Midgrade All Formulations
2024-02-12,3.488,3.575,3.383,3.262,3.06,4.017,Midgrade Conventional
2024-02-12,4.022,3.695,3.785,3.259,3.101,4.663,Midgrade Reformulated
2024-02-12,4.059,3.964,3.915,3.593,3.371,4.623,Premium All Formulations
2024-02-12,3.867,3.938,3.809,3.608,3.354,4.217,Premium Conventional
2024-02-12,4.283,3.998,4.229,3.571,3.429,4.793,Premium Reformulated
2024-02-12,3.192,3.151,3.044,2.807,2.791,4.011,Regular All Formulations
2024-02-12,3.083,3.15,3.008,2.818,2.83,3.629,Regular Conventional
2024-02-12,3.424,3.153,3.259,2.783,2.64,4.251,Regular Reformulated
2024-02-19,3.385,3.336,3.198,2.991,3.048,4.19,All Grades All Formulations
2024-02-19,3.244,3.324,3.14,2.991,3.052,3.751,All Grades Conventional
2024-02-19,3.661,3.359,3.512,2.99,3.03,4.441,All Grades Reformulated
2024-02-19,3.782,3.685,3.559,3.349,3.24,4.509,Midgrade All Formulations
2024-02-19,3.566,3.652,3.46,3.345,3.217,4.033,Midgrade Conventional
2024-02-19,4.093,3.741,3.925,3.356,3.325,4.715,Midgrade Reformulated
2024-02-19,4.128,4.03,4.002,3.685,3.535,4.661,Premium All Formulations
2024-02-19,3.941,4.013,3.884,3.701,3.5,4.239,Premium Conventional
2024-02-19,4.346,4.051,4.348,3.662,3.656,4.837,Premium Reformulated
2024-02-19,3.269,3.23,3.122,2.901,2.922,4.057,Regular All Formulations
2024-02-19,3.159,3.234,3.079,2.91,2.941,3.65,Regular Conventional
2024-02-19,3.504,3.221,3.377,2.883,2.847,4.312,Regular Reformulated
2024-02-26,3.365,3.311,3.172,2.935,3.099,4.211,All Grades All Formulations
2024-02-26,3.231,3.298,3.116,2.949,3.124,3.844,All Grades Conventional
2024-02-26,3.629,3.335,3.48,2.907,3.001,4.421,All Grades Reformulated
2024-02-26,3.763,3.662,3.512,3.3,3.269,4.52,Midgrade All Formulations
2024-02-26,3.553,3.626,3.408,3.312,3.261,4.113,Midgrade Conventional
2024-02-26,4.066,3.723,3.902,3.278,3.296,4.697,Midgrade Reformulated
2024-02-26,4.11,4.005,3.97,3.631,3.559,4.671,Premium All Formulations
2024-02-26,3.934,3.99,3.857,3.659,3.548,4.319,Premium Conventional
2024-02-26,4.316,4.025,4.304,3.592,3.6,4.818,Premium Reformulated
2024-02-26,3.249,3.204,3.098,2.845,2.982,4.082,Regular All Formulations
2024-02-26,3.145,3.207,3.055,2.868,3.023,3.746,Regular Conventional
2024-02-26,3.471,3.197,3.346,2.797,2.823,4.292,Regular Reformulated
2024-03-04,3.466,3.346,3.346,3.038,3.13,4.363,All Grades All Formulations
2024-03-04,3.327,3.343,3.275,3.04,3.175,3.955,All Grades Conventional
2024-03-04,3.74,3.351,3.734,3.035,2.959,4.597,All Grades Reformulated
2024-03-04,3.866,3.701,3.711,3.399,3.29,4.68,Midgrade All Formulations
2024-03-04,3.641,3.674,3.585,3.396,3.304,4.214,Midgrade Conventional
2024-03-04,4.189,3.748,4.179,3.404,3.238,4.883,Midgrade Reformulated
2024-03-04,4.214,4.034,4.158,3.731,3.597,4.843,Premium All Formulations
2024-03-04,4.022,4.029,4.016,3.747,3.61,4.436,Premium Conventional
2024-03-04,4.438,4.041,4.579,3.71,3.551,5.012,Premium Reformulated
2024-03-04,3.35,3.24,3.269,2.949,3.014,4.229,Regular All Formulations
2024-03-04,3.243,3.253,3.213,2.959,3.073,3.856,Regular Conventional
2024-03-04,3.578,3.213,3.596,2.926,2.785,4.462,Regular Reformulated
2024-03-11,3.492,3.37,3.363,3.034,3.192,4.425,All Grades All Formulations
2024-03-11,3.355,3.377,3.296,3.04,3.218,4.017,All Grades Conventional
2024-03-11,3.762,3.358,3.73,3.023,3.096,4.658,All Grades Reformulated
2024-03-11,3.889,3.72,3.72,3.4,3.342,4.729,Midgrade All Formulations
2024-03-11,3.67,3.708,3.605,3.401,3.339,4.27,Midgrade Conventional
2024-03-11,4.205,3.741,4.15,3.399,3.352,4.926,Midgrade Reformulated
2024-03-11,4.24,4.055,4.175,3.725,3.665,4.89,Premium All Formulations
2024-03-11,4.052,4.061,4.044,3.742,3.658,4.484,Premium Conventional
2024-03-11,4.459,4.047,4.56,3.7,3.688,5.059,Premium Reformulated
2024-03-11,3.376,3.265,3.287,2.945,3.077,4.296,Regular All Formulations
2024-03-11,3.27,3.286,3.234,2.96,3.116,3.922,Regular Conventional
2024-03-11,3.602,3.221,3.595,2.914,2.927,4.529,Regular Reformulated
2024-03-18,3.569,3.452,3.384,3.188,3.28,4.507,All Grades All Formulations
2024-03-18,3.433,3.463,3.318,3.19,3.314,4.137,All Grades Conventional
2024-03-18,3.836,3.432,3.743,3.182,3.151,4.718,All Grades Reformulated
2024-03-18,3.963,3.793,3.727,3.548,3.424,4.798,Midgrade All Formulations
2024-03-18,3.751,3.791,3.611,3.548,3.429,4.386,Midgrade Conventional
2024-03-18,4.266,3.796,4.158,3.548,3.406,4.977,Midgrade Reformulated
2024-03-18,4.31,4.124,4.196,3.865,3.753,4.963,Premium All Formulations
2024-03-18,4.131,4.143,4.072,3.867,3.755,4.594,Premium Conventional
2024-03-18,4.519,4.099,4.562,3.862,3.748,5.117,Premium Reformulated
2024-03-18,3.453,3.349,3.309,3.099,3.166,4.38,Regular All Formulations
2024-03-18,3.348,3.373,3.257,3.111,3.214,4.044,Regular Conventional
2024-03-18,3.679,3.3,3.61,3.074,2.982,4.591,Regular Reformulated
2024-03-25,3.639,3.492,3.482,3.266,3.405,4.586,All Grades All Formulations
2024-03-25,3.494,3.488,3.4,3.236,3.473,4.252,All Grades Conventional
2024-03-25,3.923,3.499,3.923,3.324,3.148,4.777,All Grades Reformulated
2024-03-25,4.033,3.833,3.838,3.621,3.546,4.871,Midgrade All Formulations
2024-03-25,3.815,3.813,3.704,3.584,3.586,4.493,Midgrade Conventional
2024-03-25,4.347,3.869,4.338,3.684,3.401,5.035,Midgrade Reformulated
2024-03-25,4.381,4.172,4.275,3.954,3.88,5.048,Premium All Formulations
2024-03-25,4.187,4.171,4.115,3.921,3.918,4.707,Premium Conventional
2024-03-25,4.608,4.172,4.746,4.0,3.749,5.19,Premium Reformulated
2024-03-25,3.523,3.388,3.406,3.176,3.292,4.46,Regular All Formulations
2024-03-25,3.409,3.399,3.341,3.157,3.373,4.159,Regular Conventional
2024-03-25,3.767,3.366,3.79,3.216,2.978,4.648,Regular Reformulated
2024-04-01,3.636,3.485,3.442,3.205,3.466,4.683,All Grades All Formulations
2024-04-01,3.487,3.493,3.363,3.177,3.55,4.355,All Grades Conventional
2024-04-01,3.926,3.471,3.871,3.26,3.149,4.871,All Grades Reformulated
2024-04-01,4.041,3.827,3.788,3.555,3.61,4.968,Midgrade All Formulations
2024-04-01,3.818,3.817,3.659,3.522,3.665,4.597,Midgrade Conventional
2024-04-01,4.364,3.843,4.279,3.613,3.41,5.129,Midgrade Reformulated
2024-04-01,4.393,4.158,4.247,3.89,3.943,5.149,Premium All Formulations
2024-04-01,4.196,4.176,4.095,3.853,3.999,4.81,Premium Conventional
2024-04-01,4.623,4.135,4.696,3.942,3.748,5.29,Premium Reformulated
2024-04-01,3.517,3.382,3.366,3.116,3.351,4.556,Regular All Formulations
2024-04-01,3.401,3.404,3.303,3.099,3.448,4.263,Regular Conventional
2024-04-01,3.766,3.338,3.737,3.152,2.978,4.74,Regular Reformulated
2024-04-08,3.712,3.495,3.536,3.305,3.494,4.878,All Grades All Formulations
2024-04-08,3.534,3.484,3.443,3.267,3.594,4.456,All Grades Conventional
2024-04-08,4.06,3.516,4.042,3.379,3.114,5.12,All Grades Reformulated
2024-04-08,4.124,3.833,3.881,3.665,3.633,5.165,Midgrade All Formulations
2024-04-08,3.863,3.808,3.733,3.634,3.704,4.694,Midgrade Conventional
2024-04-08,4.501,3.878,4.442,3.719,3.373,5.369,Midgrade Reformulated
2024-04-08,4.485,4.172,4.345,3.999,3.971,5.36,Premium All Formulations
2024-04-08,4.241,4.162,4.168,3.974,4.042,4.917,Premium Conventional
2024-04-08,4.77,4.186,4.867,4.036,3.725,5.545,Premium Reformulated
2024-04-08,3.591,3.391,3.46,3.215,3.38,4.748,Regular All Formulations
2024-04-08,3.448,3.395,3.383,3.184,3.493,4.363,Regular Conventional
2024-04-08,3.897,3.383,3.909,3.276,2.941,4.989,Regular Reformulated
2024-04-15,3.751,3.555,3.543,3.268,3.545,4.981,All Grades All Formulations
2024-04-15,3.567,3.544,3.456,3.24,3.651,4.522,All Grades Conventional
2024-04-15,4.111,3.576,4.01,3.321,3.145,5.243,All Grades Reformulated
2024-04-15,4.171,3.89,3.905,3.624,3.697,5.262,Midgrade All Formulations
2024-04-15,3.903,3.865,3.765,3.601,3.775,4.763,Midgrade Conventional
2024-04-15,4.557,3.934,4.427,3.664,3.409,5.476,Midgrade Reformulated
2024-04-15,4.536,4.236,4.362,3.964,4.025,5.455,Premium All Formulations
2024-04-15,4.285,4.23,4.198,3.943,4.099,4.978,Premium Conventional
2024-04-15,4.83,4.243,4.846,3.994,3.768,5.654,Premium Reformulated
2024-04-15,3.628,3.451,3.465,3.177,3.428,4.853,Regular All Formulations
2024-04-15,3.479,3.455,3.395,3.158,3.547,4.43,Regular Conventional
2024-04-15,3.947,3.444,3.874,3.215,2.969,5.117,Regular Reformulated
2024-04-22,3.791,3.644,3.54,3.324,3.571,4.959,All Grades All Formulations
2024-04-22,3.594,3.588,3.467,3.282,3.654,4.519,All Grades Conventional
2024-04-22,4.177,3.751,3.938,3.405,3.256,5.21,All Grades Reformulated
2024-04-22,4.211,3.979,3.906,3.682,3.721,5.247,Midgrade All Formulations
2024-04-22,3.931,3.906,3.785,3.643,3.769,4.765,Midgrade Conventional
2024-04-22,4.617,4.106,4.368,3.75,3.542,5.457,Midgrade Reformulated
2024-04-22,4.574,4.333,4.354,4.032,4.042,5.421,Premium All Formulations
2024-04-22,4.31,4.263,4.213,4.004,4.1,4.976,Premium Conventional
2024-04-22,4.881,4.422,4.772,4.071,3.84,5.607,Premium Reformulated
2024-04-22,3.668,3.54,3.463,3.232,3.456,4.832,Regular All Formulations
2024-04-22,3.506,3.5,3.405,3.199,3.553,4.425,Regular Conventional
2024-04-22,4.015,3.619,3.802,3.3,3.082,5.086,Regular Reformulated
2024-04-29,3.777,3.646,3.533,3.284,3.54,4.923,All Grades All Formulations
2024-04-29,3.587,3.594,3.448,3.259,3.634,4.535,All Grades Conventional
2024-04-29,4.149,3.744,3.996,3.332,3.189,5.145,All Grades Reformulated
2024-04-29,4.195,3.986,3.904,3.641,3.683,5.206,Midgrade All Formulations
2024-04-29,3.926,3.915,3.77,3.621,3.744,4.774,Midgrade Conventional
2024-04-29,4.583,4.109,4.413,3.676,3.458,5.393,Midgrade Reformulated
2024-04-29,4.566,4.338,4.379,3.992,4.018,5.387,Premium All Formulations
2024-04-29,4.314,4.272,4.221,3.98,4.085,4.989,Premium Conventional
2024-04-29,4.86,4.423,4.846,4.008,3.788,5.553,Premium Reformulated
2024-04-29,3.653,3.54,3.453,3.192,3.426,4.796,Regular All Formulations
2024-04-29,3.498,3.505,3.384,3.175,3.532,4.442,Regular Conventional
2024-04-29,3.987,3.61,3.858,3.226,3.016,5.017,Regular Reformulated
2024-05-06,3.766,3.654,3.474,3.336,3.581,4.883,All Grades All Formulations
2024-05-06,3.577,3.611,3.39,3.299,3.638,4.505,All Grades Conventional
2024-05-06,4.137,3.737,3.927,3.409,3.368,5.099,All Grades Reformulated
2024-05-06,4.194,3.992,3.847,3.696,3.748,5.178,Midgrade All Formulations
2024-05-06,3.927,3.932,3.713,3.665,3.774,4.747,Midgrade Conventional
2024-05-06,4.579,4.097,4.348,3.75,3.654,5.365,Midgrade Reformulated
2024-05-06,4.55,4.342,4.298,4.043,4.053,5.349,Premium All Formulations
2024-05-06,4.303,4.285,4.156,4.021,4.083,4.955,Premium Conventional
2024-05-06,4.838,4.415,4.714,4.073,3.95,5.513,Premium Reformulated
2024-05-06,3.643,3.549,3.396,3.244,3.463,4.754,Regular All Formulations
2024-05-06,3.487,3.522,3.327,3.215,3.532,4.413,Regular Conventional
2024-05-06,3.976,3.603,3.798,3.304,3.195,4.967,Regular Reformulated
2024-05-13,3.731,3.597,3.513,3.262,3.52,4.821,All Grades All Formulations
2024-05-13,3.551,3.545,3.431,3.239,3.583,4.469,All Grades Conventional
2024-05-13,4.084,3.696,3.958,3.306,3.281,5.022,All Grades Reformulated
2024-05-13,4.15,3.94,3.887,3.636,3.684,5.109,Midgrade All Formulations
2024-05-13,3.893,3.867,3.754,3.621,3.722,4.709,Midgrade Conventional
2024-05-13,4.523,4.066,4.394,3.661,3.546,5.282,Midgrade Reformulated
2024-05-13,4.513,4.294,4.346,3.987,3.995,5.282,Premium All Formulations
2024-05-13,4.272,4.221,4.193,3.981,4.027,4.918,Premium Conventional
2024-05-13,4.795,4.387,4.8,3.994,3.882,5.434,Premium Reformulated
2024-05-13,3.608,3.491,3.434,3.168,3.401,4.694,Regular All Formulations
2024-05-13,3.463,3.457,3.369,3.153,3.477,4.378,Regular Conventional
2024-05-13,3.922,3.559,3.821,3.198,3.108,4.892,Regular Reformulated
2024-05-20,3.706,3.581,3.511,3.207,3.552,4.751,All Grades All Formulations
2024-05-20,3.54,3.535,3.434,3.221,3.573,4.41,All Grades Conventional
2024-05-20,4.033,3.67,3.931,3.18,3.472,4.946,All Grades Reformulated
2024-05-20,4.126,3.924,3.887,3.58,3.742,5.046,Midgrade All Formulations
2024-05-20,3.885,3.86,3.761,3.61,3.734,4.657,Midgrade Conventional
2024-05-20,4.474,4.035,4.366,3.528,3.772,5.215,Midgrade Reformulated
2024-05-20,4.485,4.284,4.344,3.926,4.022,5.21,Premium All Formulations
2024-05-20,4.264,4.225,4.2,3.963,4.012,4.865,Premium Conventional
2024-05-20,4.742,4.36,4.768,3.876,4.058,5.353,Premium Reformulated
2024-05-20,3.584,3.475,3.432,3.113,3.43,4.624,Regular All Formulations
2024-05-20,3.451,3.445,3.371,3.134,3.464,4.317,Regular Conventional
2024-05-20,3.871,3.534,3.794,3.071,3.295,4.816,Regular Reformulated
2024-05-27,3.698,3.592,3.539,3.206,3.471,4.699,All Grades All Formulations
2024-05-27,3.522,3.544,3.419,3.178,3.498,4.376,All Grades Conventional
2024-05-27,4.052,3.686,4.197,3.26,3.365,4.883,All Grades Reformulated
2024-05-27,4.112,3.94,3.918,3.584,3.618,4.978,Midgrade All Formulations
2024-05-27,3.864,3.876,3.733,3.569,3.619,4.623,Midgrade Conventional
2024-05-27,4.471,4.051,4.621,3.608,3.614,5.132,Midgrade Reformulated
2024-05-27,4.479,4.307,4.397,3.924,3.957,5.168,Premium All Formulations
2024-05-27,4.25,4.243,4.19,3.909,3.947,4.846,Premium Conventional
2024-05-27,4.758,4.393,5.032,3.945,3.992,5.301,Premium Reformulated
2024-05-27,3.577,3.485,3.459,3.112,3.354,4.571,Regular All Formulations
2024-05-27,3.434,3.453,3.357,3.092,3.395,4.281,Regular Conventional
2024-05-27,3.894,3.55,4.067,3.153,3.191,4.752,Regular Reformulated
2024-06-03,3.638,3.551,3.43,3.139,3.48,4.614,All Grades All Formulations
2024-06-03,3.466,3.503,3.321,3.149,3.498,4.306,All Grades Conventional
2024-06-03,3.975,3.644,4.022,3.12,3.41,4.79,All Grades Reformulated
2024-06-03,4.059,3.903,3.813,3.512,3.656,4.918,Midgrade All Formulations
2024-06-03,3.82,3.833,3.646,3.533,3.648,4.585,Midgrade Conventional
2024-06-03,4.405,4.024,4.446,3.475,3.685,5.062,Midgrade Reformulated
2024-06-03,4.417,4.261,4.285,3.855,3.949,5.068,Premium All Formulations
2024-06-03,4.198,4.201,4.094,3.882,3.937,4.76,Premium Conventional
2024-06-03,4.672,4.339,4.851,3.818,3.991,5.196,Premium Reformulated
2024-06-03,3.516,3.443,3.349,3.045,3.36,4.487,Regular All Formulations
2024-06-03,3.376,3.411,3.258,3.063,3.392,4.21,Regular Conventional
2024-06-03,3.816,3.506,3.888,3.01,3.239,4.66,Regular Reformulated
2024-06-10,3.551,3.48,3.343,3.045,3.38,4.499,All Grades All Formulations
2024-06-10,3.387,3.428,3.244,3.069,3.405,4.204,All Grades Conventional
2024-06-10,3.874,3.579,3.884,3.0,3.282,4.668,All Grades Reformulated
2024-06-10,3.97,3.84,3.717,3.424,3.533,4.805,Midgrade All Formulations
2024-06-10,3.738,3.759,3.559,3.468,3.533,4.493,Midgrade Conventional
2024-06-10,4.306,3.98,4.317,3.349,3.533,4.94,Midgrade Reformulated
2024-06-10,4.331,4.199,4.198,3.758,3.857,4.955,Premium All Formulations
2024-06-10,4.118,4.126,4.016,3.799,3.851,4.667,Premium Conventional
2024-06-10,4.581,4.293,4.732,3.7,3.878,5.076,Premium Reformulated
2024-06-10,3.429,3.37,3.262,2.951,3.263,4.371,Regular All Formulations
2024-06-10,3.297,3.337,3.18,2.982,3.302,4.106,Regular Conventional
2024-06-10,3.713,3.437,3.747,2.891,3.114,4.537,Regular Reformulated
2024-06-17,3.556,3.468,3.396,3.087,3.451,4.421,All Grades All Formulations
2024-06-17,3.399,3.416,3.308,3.07,3.461,4.128,All Grades Conventional
2024-06-17,3.863,3.568,3.877,3.12,3.411,4.589,All Grades Reformulated
2024-06-17,3.976,3.832,3.781,3.475,3.644,4.729,Midgrade All Formulations
2024-06-17,3.752,3.749,3.64,3.471,3.627,4.415,Midgrade Conventional
2024-06-17,4.298,3.976,4.314,3.484,3.704,4.866,Midgrade Reformulated
2024-06-17,4.326,4.192,4.248,3.806,3.912,4.879,Premium All Formulations
2024-06-17,4.129,4.121,4.087,3.809,3.887,4.603,Premium Conventional
2024-06-17,4.556,4.283,4.722,3.802,3.997,4.995,Premium Reformulated
2024-06-17,3.435,3.357,3.315,2.992,3.33,4.293,Regular All Formulations
2024-06-17,3.31,3.324,3.244,2.982,3.354,4.029,Regular Conventional
2024-06-17,3.704,3.424,3.74,3.012,3.236,4.458,Regular Reformulated
2024-06-24,3.557,3.473,3.403,3.111,3.413,4.397,All Grades All Formulations
2024-06-24,3.41,3.433,3.314,3.098,3.441,4.116,All Grades Conventional
2024-06-24,3.846,3.548,3.887,3.135,3.309,4.558,All Grades Reformulated
2024-06-24,3.965,3.834,3.769,3.497,3.585,4.697,Midgrade All Formulations
2024-06-24,3.753,3.764,3.624,3.499,3.589,4.393,Midgrade Conventional
2024-06-24,4.273,3.955,4.321,3.493,3.571,4.829,Midgrade Reformulated
2024-06-24,4.319,4.181,4.257,3.827,3.876,4.863,Premium All Formulations
2024-06-24,4.131,4.127,4.083,3.84,3.868,4.591,Premium Conventional
2024-06-24,4.539,4.249,4.771,3.808,3.903,4.976,Premium Reformulated
2024-06-24,3.438,3.363,3.323,3.016,3.296,4.268,Regular All Formulations
2024-06-24,3.322,3.342,3.252,3.01,3.337,4.017,Regular Conventional
2024-06-24,3.688,3.407,3.744,3.027,3.139,4.425,Regular Reformulated
2024-07-01,3.595,3.497,3.495,3.164,3.47,4.366,All Grades All Formulations
2024-07-01,3.458,3.457,3.411,3.139,3.481,4.095,All Grades Conventional
2024-07-01,3.865,3.573,3.952,3.212,3.428,4.52,All Grades Reformulated
2024-07-01,3.99,3.85,3.863,3.535,3.648,4.667,Midgrade All Formulations
2024-07-01,3.79,3.787,3.727,3.522,3.628,4.371,Midgrade Conventional
2024-07-01,4.28,3.96,4.383,3.557,3.721,4.796,Midgrade Reformulated
2024-07-01,4.344,4.199,4.351,3.872,3.933,4.832,Premium All Formulations
2024-07-01,4.169,4.146,4.19,3.876,3.913,4.563,Premium Conventional
2024-07-01,4.547,4.267,4.826,3.867,4.005,4.945,Premium Reformulated
2024-07-01,3.479,3.389,3.415,3.071,3.351,4.236,Regular All Formulations
2024-07-01,3.371,3.367,3.348,3.052,3.376,3.997,Regular Conventional
2024-07-01,3.71,3.434,3.811,3.108,3.255,4.385,Regular Reformulated
2024-07-08,3.608,3.558,3.448,3.151,3.552,4.36,All Grades All Formulations
2024-07-08,3.472,3.52,3.367,3.159,3.564,4.081,All Grades Conventional
2024-07-08,3.876,3.631,3.896,3.135,3.506,4.519,All Grades Reformulated
2024-07-08,4.013,3.914,3.818,3.532,3.743,4.664,Midgrade All Formulations
2024-07-08,3.818,3.85,3.686,3.552,3.725,4.36,Midgrade Conventional
2024-07-08,4.295,4.024,4.319,3.496,3.809,4.795,Midgrade Reformulated
2024-07-08,4.367,4.258,4.313,3.853,4.015,4.847,Premium All Formulations
2024-07-08,4.191,4.209,4.158,3.885,3.991,4.545,Premium Conventional
2024-07-08,4.573,4.322,4.771,3.807,4.097,4.973,Premium Reformulated
2024-07-08,3.489,3.45,3.367,3.058,3.431,4.226,Regular All Formulations
2024-07-08,3.384,3.429,3.303,3.073,3.458,3.983,Regular Conventional
2024-07-08,3.717,3.492,3.753,3.029,3.328,4.377,Regular Reformulated
2024-07-15,3.614,3.573,3.45,3.204,3.504,4.325,All Grades All Formulations
2024-07-15,3.476,3.537,3.358,3.184,3.53,4.061,All Grades Conventional
2024-07-15,3.887,3.643,3.958,3.243,3.407,4.475,All Grades Reformulated
2024-07-15,4.014,3.931,3.83,3.583,3.672,4.626,Midgrade All Formulations
2024-07-15,3.822,3.872,3.68,3.572,3.67,4.34,Midgrade Conventional
2024-07-15,4.294,4.032,4.402,3.6,3.68,4.75,Midgrade Reformulated
2024-07-15,4.371,4.274,4.32,3.914,3.978,4.815,Premium All Formulations
2024-07-15,4.197,4.228,4.146,3.924,3.969,4.525,Premium Conventional
2024-07-15,4.576,4.335,4.831,3.9,4.008,4.936,Premium Reformulated
2024-07-15,3.496,3.466,3.369,3.11,3.386,4.191,Regular All Formulations
2024-07-15,3.388,3.446,3.293,3.097,3.426,3.964,Regular Conventional
2024-07-15,3.731,3.505,3.816,3.138,3.233,4.332,Regular Reformulated
2024-07-22,3.587,3.518,3.507,3.142,3.44,4.266,All Grades All Formulations
2024-07-22,3.451,3.468,3.403,3.134,3.476,4.012,All Grades Conventional
2024-07-22,3.855,3.614,4.077,3.157,3.309,4.411,All Grades Reformulated
2024-07-22,3.974,3.87,3.876,3.528,3.605,4.575,Midgrade All Formulations
2024-07-22,3.781,3.795,3.712,3.531,3.612,4.3,Midgrade Conventional
2024-07-22,4.254,4.0,4.495,3.523,3.581,4.694,Midgrade Reformulated
2024-07-22,4.331,4.227,4.38,3.857,3.911,4.725,Premium All Formulations
2024-07-22,4.162,4.157,4.19,3.872,3.908,4.482,Premium Conventional
2024-07-22,4.528,4.316,4.941,3.833,3.923,4.827,Premium Reformulated
2024-07-22,3.471,3.409,3.426,3.047,3.323,4.137,Regular All Formulations
2024-07-22,3.364,3.377,3.339,3.046,3.375,3.912,Regular Conventional
2024-07-22,3.703,3.474,3.938,3.049,3.132,4.277,Regular Reformulated
2024-07-29,3.598,3.504,3.557,3.189,3.512,4.233,All Grades All Formulations
2024-07-29,3.467,3.464,3.446,3.15,3.528,4.004,All Grades Conventional
2024-07-29,3.856,3.579,4.169,3.266,3.453,4.364,All Grades Reformulated
2024-07-29,3.982,3.86,3.93,3.577,3.683,4.535,Midgrade All Formulations
2024-07-29,3.797,3.796,3.755,3.542,3.676,4.288,Midgrade Conventional
2024-07-29,4.251,3.971,4.594,3.639,3.707,4.642,Midgrade Reformulated
2024-07-29,4.333,4.214,4.431,3.907,3.975,4.687,Premium All Formulations
2024-07-29,4.177,4.161,4.23,3.89,3.952,4.465,Premium Conventional
2024-07-29,4.516,4.281,5.025,3.932,4.052,4.78,Premium Reformulated
2024-07-29,3.484,3.395,3.476,3.094,3.395,4.106,Regular All Formulations
2024-07-29,3.381,3.373,3.382,3.062,3.425,3.906,Regular Conventional
2024-07-29,3.706,3.439,4.031,3.159,3.283,4.231,Regular Reformulated
2024-08-05,3.563,3.484,3.509,3.105,3.553,4.207,All Grades All Formulations
2024-08-05,3.444,3.462,3.408,3.091,3.588,3.962,All Grades Conventional
2024-08-05,3.797,3.526,4.059,3.134,3.427,4.346,All Grades Reformulated
2024-08-05,3.955,3.85,3.874,3.498,3.735,4.507,Midgrade All Formulations
2024-08-05,3.784,3.804,3.714,3.497,3.754,4.23,Midgrade Conventional
2024-08-05,4.202,3.928,4.484,3.5,3.671,4.627,Midgrade Reformulated
2024-08-05,4.302,4.193,4.382,3.823,4.015,4.661,Premium All Formulations
2024-08-05,4.159,4.161,4.198,3.829,4.012,4.421,Premium Conventional
2024-08-05,4.47,4.235,4.925,3.813,4.026,4.761,Premium Reformulated
2024-08-05,3.448,3.375,3.428,3.01,3.435,4.08,Regular All Formulations
2024-08-05,3.357,3.37,3.344,3.003,3.482,3.866,Regular Conventional
2024-08-05,3.644,3.384,3.92,3.026,3.259,4.213,Regular Reformulated
2024-08-12,3.53,3.436,3.475,3.093,3.533,4.201,All Grades All Formulations
2024-08-12,3.414,3.398,3.386,3.113,3.57,3.971,All Grades Conventional
2024-08-12,3.761,3.51,3.963,3.055,3.401,4.331,All Grades Reformulated
2024-08-12,3.926,3.8,3.856,3.474,3.717,4.499,Midgrade All Formulations
2024-08-12,3.757,3.739,3.706,3.506,3.737,4.241,Midgrade Conventional
2024-08-12,4.17,3.908,4.425,3.418,3.645,4.611,Midgrade Reformulated
2024-08-12,4.274,4.148,4.341,3.811,3.999,4.664,Premium All Formulations
2024-08-12,4.132,4.101,4.176,3.857,3.997,4.438,Premium Conventional
2024-08-12,4.44,4.21,4.829,3.747,4.003,4.758,Premium Reformulated
2024-08-12,3.414,3.326,3.394,2.999,3.414,4.072,Regular All Formulations
2024-08-12,3.326,3.306,3.322,3.026,3.463,3.875,Regular Conventional
2024-08-12,3.606,3.369,3.821,2.945,3.233,4.195,Regular Reformulated
2024-08-19,3.5,3.41,3.403,3.091,3.592,4.186,All Grades All Formulations
2024-08-19,3.375,3.372,3.319,3.069,3.608,3.955,All Grades Conventional
2024-08-19,3.747,3.483,3.864,3.134,3.533,4.319,All Grades Reformulated
2024-08-19,3.906,3.775,3.782,3.484,3.785,4.484,Midgrade All Formulations
2024-08-19,3.727,3.71,3.636,3.47,3.782,4.223,Midgrade Conventional
2024-08-19,4.167,3.888,4.335,3.507,3.796,4.597,Midgrade Reformulated
2024-08-19,4.252,4.126,4.273,3.813,4.057,4.651,Premium All Formulations
2024-08-19,4.101,4.076,4.113,3.804,4.034,4.428,Premium Conventional
2024-08-19,4.429,4.19,4.742,3.824,4.134,4.744,Premium Reformulated
2024-08-19,3.382,3.299,3.322,2.996,3.471,4.058,Regular All Formulations
2024-08-19,3.286,3.28,3.255,2.982,3.5,3.858,Regular Conventional
2024-08-19,3.592,3.34,3.72,3.024,3.361,4.183,Regular Reformulated
2024-08-26,3.433,3.365,3.289,2.991,3.474,4.18,All Grades All Formulations
2024-08-26,3.301,3.328,3.208,2.987,3.493,3.927,All Grades Conventional
2024-08-26,3.693,3.438,3.73,2.998,3.406,4.324,All Grades Reformulated
2024-08-26,3.842,3.732,3.654,3.391,3.642,4.473,Midgrade All Formulations
2024-08-26,3.652,3.665,3.516,3.398,3.637,4.186,Midgrade Conventional
2024-08-26,4.119,3.849,4.178,3.378,3.66,4.597,Midgrade Reformulated
2024-08-26,4.201,4.085,4.158,3.72,3.947,4.654,Premium All Formulations
2024-08-26,4.036,4.035,4.002,3.73,3.928,4.402,Premium Conventional
2024-08-26,4.394,4.151,4.62,3.707,4.013,4.759,Premium Reformulated
2024-08-26,3.313,3.254,3.208,2.894,3.357,4.05,Regular All Formulations
2024-08-26,3.212,3.235,3.144,2.899,3.389,3.83,Regular Conventional
2024-08-26,3.534,3.294,3.585,2.885,3.238,4.187,Regular Reformulated
2024-09-02,3.411,3.345,3.25,2.94,3.521,4.232,All Grades All Formulations
2024-09-02,3.281,3.316,3.175,2.964,3.526,3.936,All Grades Conventional
2024-09-02,3.674,3.401,3.666,2.89,3.501,4.402,All Grades Reformulated
2024-09-02,3.835,3.711,3.625,3.342,3.69,4.507,Midgrade All Formulations
2024-09-02,3.642,3.656,3.486,3.383,3.674,4.185,Midgrade Conventional
2024-09-02,4.116,3.808,4.153,3.267,3.747,4.647,Midgrade Reformulated
2024-09-02,4.196,4.079,4.112,3.667,4.003,4.725,Premium All Formulations
2024-09-02,4.023,4.032,3.966,3.702,3.963,4.427,Premium Conventional
2024-09-02,4.407,4.141,4.559,3.615,4.15,4.849,Premium Reformulated
2024-09-02,3.289,3.233,3.171,2.844,3.401,4.101,Regular All Formulations
2024-09-02,3.191,3.223,3.112,2.876,3.421,3.838,Regular Conventional
2024-09-02,3.509,3.255,3.524,2.778,3.323,4.265,Regular Reformulated
2024-09-09,3.36,3.262,3.179,2.898,3.474,4.238,All Grades All Formulations
2024-09-09,3.211,3.225,3.11,2.878,3.499,3.907,All Grades Conventional
2024-09-09,3.654,3.334,3.555,2.937,3.383,4.428,All Grades Reformulated
2024-09-09,3.791,3.637,3.546,3.302,3.645,4.535,Midgrade All Formulations
2024-09-09,3.576,3.572,3.417,3.3,3.649,4.166,Midgrade Conventional
2024-09-09,4.103,3.749,4.037,3.304,3.629,4.695,Midgrade Reformulated
2024-09-09,4.153,3.992,4.042,3.641,3.945,4.732,Premium All Formulations
2024-09-09,3.957,3.942,3.901,3.63,3.931,4.388,Premium Conventional
2024-09-09,4.383,4.056,4.459,3.657,3.995,4.875,Premium Reformulated
2024-09-09,3.236,3.149,3.098,2.8,3.357,4.104,Regular All Formulations
2024-09-09,3.12,3.13,3.046,2.788,3.394,3.809,Regular Conventional
2024-09-09,3.488,3.188,3.407,2.824,3.212,4.289,Regular Reformulated
2024-09-16,3.307,3.198,3.085,2.826,3.523,4.273,All Grades All Formulations
2024-09-16,3.15,3.165,3.017,2.825,3.527,3.91,All Grades Conventional
2024-09-16,3.618,3.263,3.458,2.828,3.508,4.48,All Grades Reformulated
2024-09-16,3.755,3.572,3.447,3.236,3.719,4.572,Midgrade All Formulations
2024-09-16,3.527,3.512,3.319,3.245,3.703,4.169,Midgrade Conventional
2024-09-16,4.087,3.678,3.937,3.219,3.778,4.747,Midgrade Reformulated
2024-09-16,4.119,3.933,3.954,3.567,3.996,4.776,Premium All Formulations
2024-09-16,3.911,3.893,3.814,3.576,3.96,4.397,Premium Conventional
2024-09-16,4.363,3.987,4.367,3.554,4.12,4.934,Premium Reformulated
2024-09-16,3.18,3.085,3.005,2.728,3.4,4.136,Regular All Formulations
2024-09-16,3.057,3.069,2.953,2.735,3.417,3.811,Regular Conventional
2024-09-16,3.447,3.118,3.309,2.712,3.332,4.339,Regular Reformulated
2024-09-23,3.311,3.165,3.156,2.831,3.555,4.247,All Grades All Formulations
2024-09-23,3.166,3.14,3.093,2.832,3.553,3.887,All Grades Conventional
2024-09-23,3.597,3.214,3.505,2.829,3.564,4.452,All Grades Reformulated
2024-09-23,3.751,3.539,3.517,3.238,3.744,4.549,Midgrade All Formulations
2024-09-23,3.532,3.484,3.396,3.245,3.72,4.153,Midgrade Conventional
2024-09-23,4.068,3.635,3.976,3.225,3.828,4.721,Midgrade Reformulated
2024-09-23,4.108,3.896,4.013,3.572,4.023,4.744,Premium All Formulations
2024-09-23,3.913,3.857,3.88,3.589,3.981,4.374,Premium Conventional
2024-09-23,4.338,3.946,4.405,3.548,4.168,4.898,Premium Reformulated
2024-09-23,3.185,3.052,3.077,2.733,3.434,4.111,Regular All Formulations
2024-09-23,3.074,3.045,3.029,2.742,3.446,3.787,Regular Conventional
2024-09-23,3.426,3.067,3.358,2.714,3.391,4.313,Regular Reformulated
2024-09-30,3.303,3.172,3.186,2.793,3.54,4.18,All Grades All Formulations
2024-09-30,3.179,3.169,3.112,2.829,3.533,3.844,All Grades Conventional
2024-09-30,3.548,3.18,3.588,2.722,3.567,4.377,All Grades Reformulated
2024-09-30,3.738,3.548,3.556,3.192,3.761,4.494,Midgrade All Formulations
2024-09-30,3.549,3.521,3.419,3.234,3.739,4.12,Midgrade Conventional
2024-09-30,4.015,3.595,4.07,3.118,3.839,4.664,Midgrade Reformulated
2024-09-30,4.094,3.895,4.058,3.532,3.997,4.686,Premium All Formulations
2024-09-30,3.926,3.889,3.909,3.588,3.946,4.335,Premium Conventional
2024-09-30,4.292,3.902,4.494,3.453,4.175,4.836,Premium Reformulated
2024-09-30,3.179,3.06,3.105,2.695,3.415,4.042,Regular All Formulations
2024-09-30,3.087,3.073,3.048,2.739,3.421,3.743,Regular Conventional
2024-09-30,3.378,3.034,3.44,2.605,3.392,4.233,Regular Reformulated
2024-10-07,3.26,3.121,3.117,2.823,3.388,4.164,All Grades All Formulations
2024-10-07,3.117,3.096,3.046,2.811,3.391,3.81,All Grades Conventional
2024-10-07,3.545,3.171,3.505,2.845,3.376,4.371,All Grades Reformulated
2024-10-07,3.692,3.498,3.484,3.225,3.562,4.476,Midgrade All Formulations
2024-10-07,3.474,3.445,3.352,3.219,3.539,4.059,Midgrade Conventional
2024-10-07,4.014,3.592,3.985,3.235,3.644,4.665,Midgrade Reformulated
2024-10-07,4.049,3.844,3.982,3.559,3.851,4.661,Premium All Formulations
2024-10-07,3.857,3.809,3.845,3.555,3.806,4.293,Premium Conventional
2024-10-07,4.276,3.889,4.387,3.565,4.008,4.818,Premium Reformulated
2024-10-07,3.136,3.009,3.036,2.725,3.271,4.027,Regular All Formulations
2024-10-07,3.026,3.002,2.982,2.723,3.29,3.712,Regular Conventional
2024-10-07,3.377,3.025,3.36,2.729,3.197,4.229,Regular Reformulated
2024-10-14,3.294,3.154,3.181,2.83,3.383,4.183,All Grades All Formulations
2024-10-14,3.158,3.121,3.111,2.863,3.405,3.833,All Grades Conventional
2024-10-14,3.562,3.216,3.564,2.765,3.305,4.388,All Grades Reformulated
2024-10-14,3.719,3.527,3.554,3.216,3.589,4.493,Midgrade All Formulations
2024-10-14,3.513,3.47,3.425,3.252,3.587,4.087,Midgrade Conventional
2024-10-14,4.021,3.626,4.043,3.153,3.595,4.677,Midgrade Reformulated
2024-10-14,4.077,3.872,4.044,3.559,3.86,4.679,Premium All Formulations
2024-10-14,3.89,3.826,3.9,3.61,3.836,4.316,Premium Conventional
2024-10-14,4.297,3.932,4.467,3.488,3.942,4.834,Premium Reformulated
2024-10-14,3.171,3.042,3.1,2.735,3.258,4.047,Regular All Formulations
2024-10-14,3.069,3.028,3.047,2.776,3.296,3.735,Regular Conventional
2024-10-14,3.394,3.072,3.416,2.649,3.12,4.247,Regular Reformulated
2024-10-21,3.268,3.165,3.087,2.817,3.346,4.17,All Grades All Formulations
2024-10-21,3.135,3.155,3.023,2.824,3.399,3.824,All Grades Conventional
2024-10-21,3.53,3.184,3.432,2.802,3.154,4.373,All Grades Reformulated
2024-10-21,3.7,3.542,3.451,3.211,3.545,4.481,Midgrade All Formulations
2024-10-21,3.501,3.509,3.328,3.219,3.583,4.086,Midgrade Conventional
2024-10-21,3.993,3.598,3.917,3.198,3.414,4.661,Midgrade Reformulated
2024-10-21,4.058,3.885,3.948,3.551,3.823,4.665,Premium All Formulations
2024-10-21,3.881,3.868,3.821,3.566,3.827,4.314,Premium Conventional
2024-10-21,4.267,3.908,4.324,3.53,3.809,4.814,Premium Reformulated
2024-10-21,3.144,3.054,3.006,2.72,3.221,4.034,Regular All Formulations
2024-10-21,3.044,3.061,2.959,2.737,3.288,3.725,Regular Conventional
2024-10-21,3.361,3.039,3.285,2.685,2.972,4.233,Regular Reformulated
2024-10-28,3.22,3.156,3.003,2.742,3.324,4.11,All Grades All Formulations
2024-10-28,3.097,3.153,2.945,2.774,3.362,3.794,All Grades Conventional
2024-10-28,3.466,3.16,3.324,2.679,3.186,4.295,All Grades Reformulated
2024-10-28,3.654,3.528,3.367,3.136,3.524,4.421,Midgrade All Formulations
2024-10-28,3.465,3.498,3.249,3.173,3.543,4.055,Midgrade Conventional
2024-10-28,3.933,3.58,3.814,3.07,3.456,4.587,Midgrade Reformulated
2024-10-28,4.012,3.869,3.867,3.467,3.804,4.608,Premium All Formulations
2024-10-28,3.843,3.857,3.748,3.504,3.792,4.276,Premium Conventional
2024-10-28,4.211,3.885,4.217,3.414,3.842,4.75,Premium Reformulated
2024-10-28,3.097,3.045,2.923,2.646,3.198,3.973,Regular All Formulations
2024-10-28,3.005,3.06,2.88,2.688,3.251,3.696,Regular Conventional
2024-10-28,3.296,3.014,3.177,2.562,3.002,4.152,Regular Reformulated
2024-11-04,3.191,3.102,3.017,2.716,3.228,4.08,All Grades All Formulations
2024-11-04,3.065,3.092,2.964,2.715,3.272,3.771,All Grades Conventional
2024-11-04,3.441,3.122,3.309,2.717,3.071,4.261,All Grades Reformulated
2024-11-04,3.616,3.474,3.374,3.114,3.428,4.386,Midgrade All Formulations
2024-11-04,3.423,3.435,3.267,3.113,3.454,4.03,Midgrade Conventional
2024-11-04,3.902,3.541,3.78,3.115,3.336,4.547,Midgrade Reformulated
2024-11-04,3.977,3.817,3.877,3.447,3.707,4.572,Premium All Formulations
2024-11-04,3.805,3.793,3.766,3.445,3.702,4.252,Premium Conventional
2024-11-04,4.18,3.848,4.205,3.449,3.724,4.709,Premium Reformulated
2024-11-04,3.069,2.992,2.937,2.619,3.103,3.945,Regular All Formulations
2024-11-04,2.975,2.999,2.899,2.629,3.16,3.673,Regular Conventional
2024-11-04,3.272,2.976,3.162,2.6,2.889,4.119,Regular Reformulated
2024-11-11,3.176,3.114,2.946,2.725,3.197,4.059,All Grades All Formulations
2024-11-11,3.054,3.111,2.895,2.775,3.212,3.756,All Grades Conventional
2024-11-11,3.416,3.118,3.226,2.628,3.143,4.232,All Grades Reformulated
2024-11-11,3.613,3.49,3.315,3.117,3.389,4.374,Midgrade All Formulations
2024-11-11,3.421,3.459,3.212,3.174,3.382,4.019,Midgrade Conventional
2024-11-11,3.89,3.543,3.705,3.017,3.413,4.528,Midgrade Reformulated
2024-11-11,3.964,3.831,3.808,3.452,3.665,4.545,Premium All Formulations
2024-11-11,3.799,3.815,3.697,3.517,3.627,4.243,Premium Conventional
2024-11-11,4.155,3.85,4.136,3.36,3.793,4.671,Premium Reformulated
2024-11-11,3.052,3.002,2.866,2.63,3.075,3.924,Regular All Formulations
2024-11-11,2.962,3.017,2.83,2.687,3.106,3.656,Regular Conventional
2024-11-11,3.245,2.971,3.077,2.512,2.96,4.091,Regular Reformulated
2024-11-18,3.168,3.113,2.962,2.728,3.042,4.008,All Grades All Formulations
2024-11-18,3.042,3.112,2.909,2.711,3.06,3.722,All Grades Conventional
2024-11-18,3.414,3.115,3.255,2.762,2.977,4.171,All Grades Reformulated
2024-11-18,3.593,3.488,3.335,3.136,3.223,4.315,Midgrade All Formulations
2024-11-18,3.402,3.468,3.229,3.121,3.22,3.993,Midgrade Conventional
2024-11-18,3.867,3.521,3.735,3.164,3.237,4.454,Midgrade Reformulated
2024-11-18,3.946,3.826,3.825,3.47,3.536,4.485,Premium All Formulations
2024-11-18,3.788,3.825,3.716,3.461,3.509,4.208,Premium Conventional
2024-11-18,4.128,3.827,4.149,3.484,3.626,4.601,Premium Reformulated
2024-11-18,3.046,3.003,2.882,2.629,2.917,3.875,Regular All Formulations
2024-11-18,2.95,3.018,2.844,2.621,2.949,3.622,Regular Conventional
2024-11-18,3.249,2.973,3.108,2.645,2.796,4.034,Regular Reformulated
2024-11-25,3.166,3.122,2.947,2.733,2.951,4.016,All Grades All Formulations
2024-11-25,3.037,3.112,2.888,2.751,2.984,3.716,All Grades Conventional
2024-11-25,3.421,3.142,3.274,2.698,2.833,4.189,All Grades Reformulated
2024-11-25,3.586,3.497,3.319,3.135,3.122,4.318,Midgrade All Formulations
2024-11-25,3.39,3.461,3.203,3.159,3.134,3.985,Midgrade Conventional
2024-11-25,3.871,3.561,3.759,3.093,3.079,4.462,Midgrade Reformulated
2024-11-25,3.95,3.842,3.82,3.471,3.448,4.497,Premium All Formulations
2024-11-25,3.779,3.818,3.691,3.503,3.436,4.206,Premium Conventional
2024-11-25,4.149,3.872,4.202,3.425,3.49,4.619,Premium Reformulated
2024-11-25,3.044,3.011,2.866,2.635,2.828,3.884,Regular All Formulations
2024-11-25,2.946,3.019,2.823,2.661,2.875,3.615,Regular Conventional
2024-11-25,3.254,2.995,3.122,2.582,2.654,4.053,Regular Reformulated
2024-12-02,3.156,3.101,2.984,2.68,2.912,3.995,All Grades All Formulations
2024-12-02,3.027,3.083,2.921,2.7,2.916,3.714,All Grades Conventional
2024-12-02,3.408,3.135,3.329,2.641,2.896,4.157,All Grades Reformulated
2024-12-02,3.574,3.478,3.374,3.084,3.088,4.299,Midgrade All Formulations
2024-12-02,3.375,3.433,3.254,3.109,3.067,3.978,Midgrade Conventional
2024-12-02,3.861,3.554,3.828,3.039,3.161,4.438,Midgrade Reformulated
2024-12-02,3.937,3.825,3.86,3.419,3.407,4.473,Premium All Formulations
2024-12-02,3.767,3.795,3.729,3.451,3.367,4.199,Premium Conventional
2024-12-02,4.134,3.862,4.245,3.374,3.541,4.588,Premium Reformulated
2024-12-02,3.034,2.989,2.902,2.581,2.787,3.863,Regular All Formulations
2024-12-02,2.936,2.99,2.855,2.61,2.807,3.614,Regular Conventional
2024-12-02,3.242,2.988,3.177,2.523,2.715,4.019,Regular Reformulated
2024-12-09,3.131,3.11,2.891,2.702,2.91,3.96,All Grades All Formulations
2024-12-09,3.004,3.112,2.831,2.708,2.927,3.669,All Grades Conventional
2024-12-09,3.379,3.106,3.219,2.689,2.845,4.127,All Grades Reformulated
2024-12-09,3.558,3.484,3.282,3.105,3.086,4.273,Midgrade All Formulations
2024-12-09,3.364,3.462,3.168,3.116,3.08,3.942,Midgrade Conventional
2024-12-09,3.835,3.523,3.712,3.085,3.106,4.416,Midgrade Reformulated
2024-12-09,3.914,3.826,3.768,3.439,3.399,4.44,Premium All Formulations
2024-12-09,3.751,3.822,3.646,3.455,3.373,4.149,Premium Conventional
2024-12-09,4.103,3.829,4.129,3.417,3.485,4.562,Premium Reformulated
2024-12-09,3.008,2.999,2.808,2.603,2.786,3.827,Regular All Formulations
2024-12-09,2.912,3.018,2.764,2.618,2.819,3.569,Regular Conventional
2024-12-09,3.213,2.96,3.07,2.572,2.666,3.988,Regular Reformulated
2024-12-16,3.137,3.102,2.965,2.662,2.964,3.918,All Grades All Formulations
2024-12-16,3.023,3.104,2.909,2.677,2.966,3.641,All Grades Conventional
2024-12-16,3.362,3.098,3.275,2.633,2.957,4.077,All Grades Reformulated
2024-12-16,3.556,3.478,3.349,3.074,3.165,4.225,Midgrade All Formulations
2024-12-16,3.379,3.455,3.24,3.097,3.148,3.918,Midgrade Conventional
2024-12-16,3.813,3.517,3.766,3.034,3.227,4.359,Midgrade Reformulated
2024-12-16,3.911,3.817,3.837,3.406,3.438,4.402,Premium All Formulations
2024-12-16,3.76,3.809,3.717,3.435,3.395,4.133,Premium Conventional
2024-12-16,4.086,3.827,4.191,3.366,3.582,4.515,Premium Reformulated
2024-12-16,3.016,2.991,2.884,2.562,2.839,3.785,Regular All Formulations
2024-12-16,2.933,3.011,2.843,2.586,2.855,3.54,Regular Conventional
2024-12-16,3.196,2.952,3.125,2.515,2.779,3.938,Regular Reformulated
2024-12-23,3.145,3.057,3.016,2.746,3.014,3.912,All Grades All Formulations
2024-12-23,3.025,3.044,2.954,2.744,3.004,3.628,All Grades Conventional
2024-12-23,3.382,3.082,3.353,2.749,3.05,4.074,All Grades Reformulated
2024-12-23,3.564,3.433,3.395,3.153,3.219,4.231,Midgrade All Formulations
2024-12-23,3.374,3.391,3.276,3.157,3.19,3.907,Midgrade Conventional
2024-12-23,3.838,3.504,3.846,3.145,3.323,4.372,Midgrade Reformulated
2024-12-23,3.915,3.779,3.881,3.487,3.491,4.402,Premium All Formulations
2024-12-23,3.753,3.752,3.746,3.499,3.433,4.126,Premium Conventional
2024-12-23,4.103,3.814,4.28,3.47,3.686,4.517,Premium Reformulated
2024-12-23,3.024,2.945,2.935,2.647,2.887,3.775,Regular All Formulations
2024-12-23,2.935,2.95,2.89,2.653,2.892,3.525,Regular Conventional
2024-12-23,3.216,2.935,3.201,2.634,2.869,3.932,Regular Reformulated
2024-12-30,3.128,3.068,2.957,2.712,3.007,3.908,All Grades All Formulations
2024-12-30,3.005,3.063,2.892,2.715,3.012,3.611,All Grades Conventional
2024-12-30,3.37,3.078,3.312,2.708,2.989,4.078,All Grades Reformulated
2024-12-30,3.554,3.447,3.341,3.12,3.21,4.228,Midgrade All Formulations
2024-12-30,3.365,3.416,3.221,3.13,3.192,3.886,Midgrade Conventional
2024-12-30,3.827,3.501,3.799,3.102,3.274,4.376,Midgrade Reformulated
2024-12-30,3.907,3.791,3.829,3.455,3.48,4.405,Premium All Formulations
2024-12-30,3.745,3.775,3.691,3.473,3.436,4.119,Premium Conventional
2024-12-30,4.096,3.811,4.235,3.43,3.627,4.525,Premium Reformulated
2024-12-30,3.006,2.956,2.875,2.613,2.881,3.77,Regular All Formulations
2024-12-30,2.914,2.968,2.827,2.623,2.902,3.507,Regular Conventional
2024-12-30,3.203,2.93,3.161,2.592,2.805,3.935,Regular Reformulated
